{
    "name": "root",
    "gauges": {
        "Shooter.Policy.Entropy.mean": {
            "value": 1.423463225364685,
            "min": 1.4189382791519165,
            "max": 1.423463225364685,
            "count": 5
        },
        "Shooter.Environment.EpisodeLength.mean": {
            "value": 9.0,
            "min": 9.0,
            "max": 9.0,
            "count": 5
        },
        "Shooter.Policy.ExtrinsicValueEstimate.mean": {
            "value": -0.2382003217935562,
            "min": -0.49660271406173706,
            "max": -0.2382003217935562,
            "count": 5
        },
        "Shooter.Environment.CumulativeReward.mean": {
            "value": 0.662,
            "min": 0.5095095095095095,
            "max": 0.662,
            "count": 5
        },
        "Shooter.Policy.ExtrinsicReward.mean": {
            "value": 0.662,
            "min": 0.5095095095095095,
            "max": 0.662,
            "count": 5
        },
        "Shooter.IsTraining.mean": {
            "value": 1.0,
            "min": 1.0,
            "max": 1.0,
            "count": 5
        },
        "Shooter.Losses.ValueLoss.mean": {
            "value": 0.4019961357116699,
            "min": 0.4019961357116699,
            "max": 0.4499119520187378,
            "count": 2
        },
        "Shooter.Losses.PolicyLoss.mean": {
            "value": 0.011660357937216759,
            "min": 0.011660357937216759,
            "max": 0.019732415676116943,
            "count": 2
        },
        "Shooter.Policy.LearningRate.mean": {
            "value": 5.412008977145888e-05,
            "min": 5.412008977145888e-05,
            "max": 0.00017706009384710342,
            "count": 2
        },
        "Shooter.Policy.Epsilon.mean": {
            "value": 0.11804001778364182,
            "min": 0.11804001778364182,
            "max": 0.15901999175548553,
            "count": 2
        },
        "Shooter.Policy.Beta.mean": {
            "value": 0.0009101961622945964,
            "min": 0.0009101961622945964,
            "max": 0.0029550986364483833,
            "count": 2
        }
    },
    "metadata": {
        "timer_format_version": "0.1.0",
        "start_time_seconds": "1604350620",
        "python_version": "3.8.5 (default, Sep  3 2020, 21:29:08) [MSC v.1916 64 bit (AMD64)]",
        "command_line_arguments": "C:\\Users\\Babbar\\anaconda3\\envs\\mlagents-1.0\\Scripts\\mlagents-learn ./trainer_config.yaml --run-id s_01",
        "mlagents_version": "0.21.0",
        "mlagents_envs_version": "0.21.0",
        "communication_protocol_version": "1.2.0",
        "tensorflow_version": "2.3.1",
        "numpy_version": "1.18.5",
        "end_time_seconds": "1604351085"
    },
    "total": 465.4074572,
    "count": 1,
    "self": 0.2831930000000398,
    "children": {
        "run_training.setup": {
            "total": 0.01661960000000029,
            "count": 1,
            "self": 0.01661960000000029
        },
        "TrainerController.start_learning": {
            "total": 465.10764459999996,
            "count": 1,
            "self": 1.3188693000010971,
            "children": {
                "TrainerController._reset_env": {
                    "total": 13.0406798,
                    "count": 1,
                    "self": 13.0406798
                },
                "TrainerController.advance": {
                    "total": 448.50430719999883,
                    "count": 50108,
                    "self": 0.5946569999988469,
                    "children": {
                        "env_step": {
                            "total": 447.9096502,
                            "count": 50108,
                            "self": 357.83263750000526,
                            "children": {
                                "SubprocessEnvManager._take_step": {
                                    "total": 89.36057010000187,
                                    "count": 50108,
                                    "self": 1.2995268000012885,
                                    "children": {
                                        "TFPolicy.evaluate": {
                                            "total": 88.06104330000058,
                                            "count": 50108,
                                            "self": 88.06104330000058
                                        }
                                    }
                                },
                                "workers": {
                                    "total": 0.7164425999928525,
                                    "count": 50108,
                                    "self": 0.0,
                                    "children": {
                                        "worker_root": {
                                            "total": 452.58486130000256,
                                            "count": 50108,
                                            "is_parallel": true,
                                            "self": 145.39815959999913,
                                            "children": {
                                                "steps_from_proto": {
                                                    "total": 0.0009911000000002446,
                                                    "count": 1,
                                                    "is_parallel": true,
                                                    "self": 0.00011849999999924421,
                                                    "children": {
                                                        "_process_vector_observation": {
                                                            "total": 0.0008726000000010004,
                                                            "count": 2,
                                                            "is_parallel": true,
                                                            "self": 0.0008726000000010004
                                                        }
                                                    }
                                                },
                                                "UnityEnvironment.step": {
                                                    "total": 307.1857106000034,
                                                    "count": 50108,
                                                    "is_parallel": true,
                                                    "self": 3.4235841000019605,
                                                    "children": {
                                                        "UnityEnvironment._generate_step_input": {
                                                            "total": 7.25007619999738,
                                                            "count": 50108,
                                                            "is_parallel": true,
                                                            "self": 7.25007619999738
                                                        },
                                                        "communicator.exchange": {
                                                            "total": 288.07893950000044,
                                                            "count": 50108,
                                                            "is_parallel": true,
                                                            "self": 288.07893950000044
                                                        },
                                                        "steps_from_proto": {
                                                            "total": 8.433110800003607,
                                                            "count": 50108,
                                                            "is_parallel": true,
                                                            "self": 3.5986463000067133,