{"count":1,"self":456.53022719999996,"total":1707.6089365999999,"children":{"AgentSendState":{"count":451317,"self":17.6549792,"total":62.4265755,"children":{"CollectObservations":{"count":722112,"self":1.5570469,"total":1.5570469,"children":null},"CollectDiscreteActionMasks":{"count":722112,"self":1.1414001999999999,"total":1.1414001999999999,"children":null},"AgentInfo.ToProto":{"count":722112,"self":4.6270016,"total":42.0731487,"children":{"GenerateSensorData":{"count":722112,"self":10.9382176,"total":37.4461473,"children":{"RayPerceptionSensor.Perceive":{"count":722112,"self":26.507929599999997,"total":26.5079297,"children":null}}}}}}},"DecideAction":{"count":451317,"self":1184.6102016,"total":1184.6101781999998,"children":null},"AgentAct":{"count":451317,"self":3.9462888,"total":4.0409649,"children":{"AgentInfo.ToProto":{"count":1800,"self":0.010001099999999999,"total":0.0946759,"children":{"GenerateSensorData":{"count":1800,"self":0.0310398,"total":0.0846748,"children":{"RayPerceptionSensor.Perceive":{"count":1800,"self":0.053634999999999995,"total":0.053634999999999995,"children":null}}}}}}}},"gauges":{"Shooter.CumulativeReward":{"count":1800,"max":11.835,"min":-0.7589999,"runningAverage":1.36792064,"value":0.802000046,"weightedAverage":2.2830286}},"metadata":{"timer_format_version":"0.1.0","start_time_seconds":"1604860640","unity_version":"2019.4.8f1","command_line_arguments":"C:\\Program Files\\Unity\\Hub\\Editor\\2019.4.8f1\\Editor\\Unity.exe -projectpath D:\/unity projects\/Shooting Game MLAgent -useHub -hubIPC -cloudEnvironment production -hubSessionId 9f88e740-21ec-11eb-bd5e-7dcb8b430d6c -accessToken 5htwqeL_qFvHFTXltcVlryRVqC5Qt4eyM2dI4P37UcA00cf","communication_protocol_version":"1.0.0","com.unity.ml-agents_version":"1.0.5","scene_name":"SampleScene","end_time_seconds":"1604862348"}}