{
    "name": "root",
    "gauges": {
        "Shooter.Policy.Entropy.mean": {
            "value": 1.3904235363006592,
            "min": 1.3904235363006592,
            "max": 1.4189386367797852,
            "count": 144
        },
        "Shooter.Policy.ExtrinsicValueEstimate.mean": {
            "value": 0.5424227118492126,
            "min": -0.01239628717303276,
            "max": 0.6432198286056519,
            "count": 144
        },
        "Shooter.Environment.EpisodeLength.mean": {
            "value": 399.0,
            "min": 399.0,
            "max": 399.0,
            "count": 144
        },
        "Shooter.Environment.CumulativeReward.mean": {
            "value": 2.5221333632866543,
            "min": -0.5321249952539802,
            "max": 4.119250045157969,
            "count": 144
        },
        "Shooter.Policy.ExtrinsicReward.mean": {
            "value": 2.5221333632866543,
            "min": -0.5321249952539802,
            "max": 4.119250045157969,
            "count": 144
        },
        "Shooter.IsTraining.mean": {
            "value": 1.0,
            "min": 1.0,
            "max": 1.0,
            "count": 144
        },
        "Shooter.Losses.ValueLoss.mean": {
            "value": 0.06590592116117477,
            "min": 0.002866987604647875,
            "max": 0.06722050160169601,
            "count": 33
        },
        "Shooter.Losses.PolicyLoss.mean": {
            "value": 0.011526179499924183,
            "min": 0.011526179499924183,
            "max": 0.020795758813619614,
            "count": 33
        },
        "Shooter.Policy.LearningRate.mean": {
            "value": 8.883846021490172e-05,
            "min": 8.883846021490172e-05,
            "max": 0.0002936256059911102,
            "count": 33
        },
        "Shooter.Policy.Epsilon.mean": {
            "value": 0.12961283326148987,
            "min": 0.12961283326148987,
            "max": 0.19787517189979553,
            "count": 33
        },
        "Shooter.Policy.Beta.mean": {
            "value": 0.001487678731791675,
            "min": 0.001487678731791675,
            "max": 0.004893972538411617,
            "count": 33
        }
    },
    "metadata": {
        "timer_format_version": "0.1.0",
        "start_time_seconds": "1604860631",
        "python_version": "3.8.5 (default, Sep  3 2020, 21:29:08) [MSC v.1916 64 bit (AMD64)]",
        "command_line_arguments": "C:\\Users\\Babbar\\anaconda3\\envs\\mlagents-1.0\\Scripts\\mlagents-learn ./trainer_config.yaml --run-id s_04",
        "mlagents_version": "0.21.0",
        "mlagents_envs_version": "0.21.0",
        "communication_protocol_version": "1.2.0",
        "tensorflow_version": "2.3.1",
        "numpy_version": "1.18.5",
        "end_time_seconds": "1604862350"
    },
    "total": 1721.2003411,
    "count": 1,
    "self": 0.005711900000051173,
    "children": {
        "run_training.setup": {
            "total": 0.01685099999999995,
            "count": 1,
            "self": 0.01685099999999995
        },
        "TrainerController.start_learning": {
            "total": 1721.1777782,
            "count": 1,
            "self": 2.375904399998035,
            "children": {
                "TrainerController._reset_env": {
                    "total": 13.6328465,
                    "count": 1,
                    "self": 13.6328465
                },
                "TrainerController.advance": {
                    "total": 1702.4833540000022,
                    "count": 90261,
                    "self": 1.1370367000331498,
                    "children": {
                        "env_step": {
                            "total": 1701.346317299969,
                            "count": 90261,
                            "self": 1512.8590258999598,
                            "children": {
                                "SubprocessEnvManager._take_step": {
                                    "total": 187.14796800002011,
                                    "count": 90261,
                                    "self": 2.732441100025653,
                                    "children": {
                                        "TFPolicy.evaluate": {
                                            "total": 184.41552689999446,
                                            "count": 90261,
                                            "self": 184.41552689999446
                                        }
                                    }
                                },
                                "workers": {
                                    "total": 1.3393233999891478,
                                    "count": 90260,
                                    "self": 0.0,
                                    "children": {
                                        "worker_root": {
                                            "total": 1706.213426700007,
                                            "count": 90260,
                                            "is_parallel": true,
                                            "self": 366.3707252000306,
                                            "children": {
                                                "steps_from_proto": {
                                                    "total": 0.0016299000000010722,
                                                    "count": 1,
                                                    "is_parallel": true,
                                                    "self": 0.00018810000000257787,
                                                    "children": {
                                                        "_process_vector_observation": {
                                                            "total": 0.0014417999999984943,
                                                            "count": 4,
                                                            "is_parallel": true,
                                                            "self": 0.0014417999999984943
                                                        }
                                                    }
                                                },
                                                "UnityEnvironment.step": {
                                                    "total": 1339.8410715999764,
                                                    "count": 90260,
                                                    "is_parallel": true,
                                                    "self": 7.514471799907369,
                                                    "children": {
                                                        "UnityEnvironment._generate_step_input": {
                                                            "total": 32.523329000040675,
                                                            "count": 90260,
                                                            "is_parallel": true,
                                                            "self": 32.523329000040675
                                                        },
                                                        "communicator.exchange": {
                                                            "total": 1260.3094872000127,
                                                            "count": 90260,
                                                            "is_parallel": true,
                                                            "self": 1260.3094872000127
                                                        },
                                                        "steps_from_proto": {
                                                            "total": 39.49378360001582,
                                                            "count": 90260,
                                                            "is_parallel": true,