{
    "name": "root",
    "gauges": {
        "Shooter.Policy.Entropy.mean": {
            "value": 1.382818341255188,
            "min": 1.382818341255188,
            "max": 1.4189385175704956,
            "count": 168
        },
        "Shooter.Environment.EpisodeLength.mean": {
            "value": 99.0,
            "min": 99.0,
            "max": 99.0,
            "count": 168
        },
        "Shooter.Policy.ExtrinsicValueEstimate.mean": {
            "value": -0.00515992334112525,
            "min": -0.07942698150873184,
            "max": -0.001145077869296074,
            "count": 168
        },
        "Shooter.Environment.CumulativeReward.mean": {
            "value": -0.004619999974966049,
            "min": -0.12341999739408493,
            "max": 0.26181633846492186,
            "count": 168
        },
        "Shooter.Policy.ExtrinsicReward.mean": {
            "value": -0.004619999974966049,
            "min": -0.12341999739408493,
            "max": 0.26181633846492186,
            "count": 168
        },
        "Shooter.IsTraining.mean": {
            "value": 1.0,
            "min": 1.0,
            "max": 1.0,
            "count": 168
        },
        "Shooter.Losses.ValueLoss.mean": {
            "value": 1.1062995326938108e-05,
            "min": 1.1062995326938108e-05,
            "max": 0.02161182090640068,
            "count": 40
        },
        "Shooter.Losses.PolicyLoss.mean": {
            "value": 0.018598806113004684,
            "min": 0.01270617637783289,
            "max": 0.020405936986207962,
            "count": 40
        },
        "Shooter.Policy.LearningRate.mean": {
            "value": 5.040007454226725e-05,
            "min": 5.040007454226725e-05,
            "max": 0.00029375997837632895,
            "count": 40
        },
        "Shooter.Policy.Epsilon.mean": {
            "value": 0.11680001765489578,
            "min": 0.11680001765489578,
            "max": 0.19791997969150543,
            "count": 40
        },
        "Shooter.Policy.Beta.mean": {
            "value": 0.000848319788929075,
            "min": 0.000848319788929075,
            "max": 0.004896207712590694,
            "count": 40
        }
    },
    "metadata": {
        "timer_format_version": "0.1.0",
        "start_time_seconds": "1604513264",
        "python_version": "3.8.5 (default, Sep  3 2020, 21:29:08) [MSC v.1916 64 bit (AMD64)]",
        "command_line_arguments": "C:\\Users\\Babbar\\anaconda3\\envs\\mlagents-1.0\\Scripts\\mlagents-learn ./trainer_config.yaml --run-id s_03",
        "mlagents_version": "0.21.0",
        "mlagents_envs_version": "0.21.0",
        "communication_protocol_version": "1.2.0",
        "tensorflow_version": "2.3.1",
        "numpy_version": "1.18.5",
        "end_time_seconds": "1604514373"
    },
    "total": 1108.4468815999999,
    "count": 1,
    "self": 0.005789599999843631,
    "children": {
        "run_training.setup": {
            "total": 0.009320999999999913,
            "count": 1,
            "self": 0.009320999999999913
        },
        "TrainerController.start_learning": {
            "total": 1108.431771,
            "count": 1,
            "self": 1.5337041000034333,
            "children": {
                "TrainerController._reset_env": {
                    "total": 10.6565714,
                    "count": 1,
                    "self": 10.6565714
                },
                "TrainerController.advance": {
                    "total": 1093.5529787999963,
                    "count": 52564,
                    "self": 0.7473178999866832,
                    "children": {
                        "env_step": {
                            "total": 1092.8056609000096,
                            "count": 52564,
                            "self": 966.3701669999946,
                            "children": {
                                "SubprocessEnvManager._take_step": {
                                    "total": 125.62774269998752,
                                    "count": 52564,
                                    "self": 1.976850099992646,
                                    "children": {
                                        "TFPolicy.evaluate": {
                                            "total": 123.65089259999488,
                                            "count": 52564,
                                            "self": 123.65089259999488
                                        }
                                    }
                                },
                                "workers": {
                                    "total": 0.8077512000274858,
                                    "count": 52563,
                                    "self": 0.0,
                                    "children": {
                                        "worker_root": {
                                            "total": 1095.7289697000188,
                                            "count": 52563,
                                            "is_parallel": true,
                                            "self": 284.16419100000587,
                                            "children": {
                                                "steps_from_proto": {
                                                    "total": 0.0003978000000000037,
                                                    "count": 1,
                                                    "is_parallel": true,
                                                    "self": 0.00014380000000002724,
                                                    "children": {
                                                        "_process_vector_observation": {
                                                            "total": 0.00025399999999997647,
                                                            "count": 2,
                                                            "is_parallel": true,
                                                            "self": 0.00025399999999997647
                                                        }
                                                    }
                                                },
                                                "UnityEnvironment.step": {
                                                    "total": 811.5643809000129,
                                                    "count": 52563,
                                                    "is_parallel": true,
                                                    "self": 4.878066000004651,
                                                    "children": {
                                                        "UnityEnvironment._generate_step_input": {
                                                            "total": 31.07864749999522,
                                                            "count": 52563,
                                                            "is_parallel": true,
                                                            "self": 31.07864749999522
                                                        },
                                                        "communicator.exchange": {
                                                            "total": 761.724549599999,
                                                            "count": 52563,
                                                            "is_parallel": true,
                                                            "self": 761.724549599999
                                                        },
                                                        "steps_from_proto": {
                                                            "total": 13.883117800014071,
                                                            "count": 52563,
                                                            "is_parallel": true,