{
    "name": "root",
    "gauges": {
        "Shooter.Policy.Entropy.mean": {
            "value": 1.3834421634674072,
            "min": 1.3833847045898438,
            "max": 1.4189386367797852,
            "count": 180
        },
        "Shooter.Policy.ExtrinsicValueEstimate.mean": {
            "value": 0.9906313419342041,
            "min": -0.015569535084068775,
            "max": 1.330086588859558,
            "count": 180
        },
        "Shooter.IsTraining.mean": {
            "value": 1.0,
            "min": 1.0,
            "max": 1.0,
            "count": 180
        },
        "Shooter.Environment.EpisodeLength.mean": {
            "value": 399.0,
            "min": 399.0,
            "max": 399.0,
            "count": 140
        },
        "Shooter.Environment.CumulativeReward.mean": {
            "value": 3.795812529977411,
            "min": -0.5046874908730388,
            "max": 10.538000106811523,
            "count": 150
        },
        "Shooter.Policy.ExtrinsicReward.mean": {
            "value": 3.795812529977411,
            "min": -0.5046874908730388,
            "max": 10.538000106811523,
            "count": 150
        },
        "Shooter.Losses.ValueLoss.mean": {
            "value": 0.09763932973146439,
            "min": 0.0032330446410924196,
            "max": 0.15813104808330536,
            "count": 42
        },
        "Shooter.Losses.PolicyLoss.mean": {
            "value": 0.01683182269334793,
            "min": 0.01224954891949892,
            "max": 0.024060767143964767,
            "count": 42
        },
        "Shooter.Policy.LearningRate.mean": {
            "value": 3.127688614767976e-05,
            "min": 3.127688614767976e-05,
            "max": 0.0002936256059911102,
            "count": 42
        },
        "Shooter.Policy.Epsilon.mean": {
            "value": 0.11042562127113342,
            "min": 0.11042562127113342,
            "max": 0.19787517189979553,
            "count": 42
        },
        "Shooter.Policy.Beta.mean": {
            "value": 0.0005302373319864273,
            "min": 0.0005302373319864273,
            "max": 0.004893972538411617,
            "count": 42
        }
    },
    "metadata": {
        "timer_format_version": "0.1.0",
        "start_time_seconds": "1605078106",
        "python_version": "3.8.5 (default, Sep  3 2020, 21:29:08) [MSC v.1916 64 bit (AMD64)]",
        "command_line_arguments": "C:\\Users\\Babbar\\anaconda3\\envs\\mlagents-1.0\\Scripts\\mlagents-learn ./trainer_config.yaml --run-id s_05",
        "mlagents_version": "0.21.0",
        "mlagents_envs_version": "0.21.0",
        "communication_protocol_version": "1.2.0",
        "tensorflow_version": "2.3.1",
        "numpy_version": "1.18.5",
        "end_time_seconds": "1605080702"
    },
    "total": 2595.9118158,
    "count": 1,
    "self": 0.006359900000006746,
    "children": {
        "run_training.setup": {
            "total": 0.01681840000000001,
            "count": 1,
            "self": 0.01681840000000001
        },
        "TrainerController.start_learning": {
            "total": 2595.8886375,
            "count": 1,
            "self": 2.515329700025177,
            "children": {
                "TrainerController._reset_env": {
                    "total": 13.334946899999998,
                    "count": 1,
                    "self": 13.334946899999998
                },
                "TrainerController.advance": {
                    "total": 2577.6628467999753,
                    "count": 56274,
                    "self": 0.7038918999451198,
                    "children": {
                        "env_step": {
                            "total": 2576.95895490003,
                            "count": 56274,
                            "self": 2442.3022182000527,
                            "children": {
                                "SubprocessEnvManager._take_step": {
                                    "total": 133.79136889995902,
                                    "count": 56274,
                                    "self": 1.9899573999878157,
                                    "children": {
                                        "TFPolicy.evaluate": {
                                            "total": 131.8014114999712,
                                            "count": 56274,
                                            "self": 131.8014114999712
                                        }
                                    }
                                },
                                "workers": {
                                    "total": 0.8653678000183191,
                                    "count": 56273,
                                    "self": 0.0,
                                    "children": {
                                        "worker_root": {
                                            "total": 2581.236378800004,
                                            "count": 56273,
                                            "is_parallel": true,
                                            "self": 433.81985350002105,
                                            "children": {
                                                "steps_from_proto": {
                                                    "total": 0.0027919999999994616,
                                                    "count": 1,
                                                    "is_parallel": true,
                                                    "self": 0.0002449999999978303,
                                                    "children": {
                                                        "_process_vector_observation": {
                                                            "total": 0.0025470000000016313,
                                                            "count": 8,
                                                            "is_parallel": true,
                                                            "self": 0.0025470000000016313
                                                        }
                                                    }
                                                },
                                                "UnityEnvironment.step": {
                                                    "total": 2147.413733299983,
                                                    "count": 56273,
                                                    "is_parallel": true,
                                                    "self": 7.40826399995467,
                                                    "children": {
                                                        "UnityEnvironment._generate_step_input": {
                                                            "total": 32.73662690000871,
                                                            "count": 56273,
                                                            "is_parallel": true,
                                                            "self": 32.73662690000871
                                                        },
                                                        "communicator.exchange": {
                                                            "total": 2021.560779300027,
                                                            "count": 56273,
                                                            "is_parallel": true,
                                                            "self": 2021.560779300027
                                                        },
                                                        "steps_from_proto": {
                                                            "total": 85.70806309999259,
                                                            "count": 56273,
                                                            "is_parallel": true,